-- MySQL dump 10.17  Distrib 10.3.25-MariaDB, for debian-linux-gnu (x86_64)
--
-- Host: localhost    Database: klubaner_binaka
-- ------------------------------------------------------
-- Server version	10.3.25-MariaDB-0+deb10u1

/*!40101 SET @OLD_CHARACTER_SET_CLIENT=@@CHARACTER_SET_CLIENT */;
/*!40101 SET @OLD_CHARACTER_SET_RESULTS=@@CHARACTER_SET_RESULTS */;
/*!40101 SET @OLD_COLLATION_CONNECTION=@@COLLATION_CONNECTION */;
/*!40101 SET NAMES utf8mb4 */;
/*!40103 SET @OLD_TIME_ZONE=@@TIME_ZONE */;
/*!40103 SET TIME_ZONE='+00:00' */;
/*!40014 SET @OLD_UNIQUE_CHECKS=@@UNIQUE_CHECKS, UNIQUE_CHECKS=0 */;
/*!40014 SET @OLD_FOREIGN_KEY_CHECKS=@@FOREIGN_KEY_CHECKS, FOREIGN_KEY_CHECKS=0 */;
/*!40101 SET @OLD_SQL_MODE=@@SQL_MODE, SQL_MODE='NO_AUTO_VALUE_ON_ZERO' */;
/*!40111 SET @OLD_SQL_NOTES=@@SQL_NOTES, SQL_NOTES=0 */;

--
-- Table structure for table `agenda`
--

DROP TABLE IF EXISTS `agenda`;
/*!40101 SET @saved_cs_client     = @@character_set_client */;
/*!40101 SET character_set_client = utf8 */;
CREATE TABLE `agenda` (
  `idAgenda` int(6) unsigned NOT NULL AUTO_INCREMENT,
  `promotor` int(3) unsigned DEFAULT NULL COMMENT 'ID Stake Holder',
  `namaAgenda` tinytext DEFAULT NULL,
  `waktu` datetime DEFAULT NULL,
  `tempat` varchar(50) DEFAULT NULL,
  `deskripsi` text DEFAULT NULL,
  `siswaHadir` text DEFAULT NULL,
  PRIMARY KEY (`idAgenda`)
) ENGINE=InnoDB AUTO_INCREMENT=3 DEFAULT CHARSET=utf8mb4;
/*!40101 SET character_set_client = @saved_cs_client */;

--
-- Dumping data for table `agenda`
--

LOCK TABLES `agenda` WRITE;
/*!40000 ALTER TABLE `agenda` DISABLE KEYS */;
INSERT INTO `agenda` VALUES (1,3,'Workshop Marketing Digital','2020-11-25 09:00:00','LKP Pikom','Pelatihan marketing digital menggunakan Instagram Bussines',NULL),(2,2,'E Pesantren A la Daarut Tauhid','2020-12-10 15:00:00','Youtube Channel Daarut Tauhid','Pembelajaran Santri Jarak Jauh bersama Ponpes Daarut Tauhid Bandung',NULL);
/*!40000 ALTER TABLE `agenda` ENABLE KEYS */;
UNLOCK TABLES;

--
-- Table structure for table `berita`
--

DROP TABLE IF EXISTS `berita`;
/*!40101 SET @saved_cs_client     = @@character_set_client */;
/*!40101 SET character_set_client = utf8 */;
CREATE TABLE `berita` (
  `idBerita` int(6) unsigned NOT NULL AUTO_INCREMENT,
  `rilis` date DEFAULT NULL,
  `author` int(3) unsigned DEFAULT NULL COMMENT 'ID Stake Holder',
  `judul` tinytext DEFAULT NULL,
  `konten` text DEFAULT NULL,
  `tags` tinytext DEFAULT NULL,
  PRIMARY KEY (`idBerita`)
) ENGINE=InnoDB AUTO_INCREMENT=3 DEFAULT CHARSET=utf8mb4;
/*!40101 SET character_set_client = @saved_cs_client */;

--
-- Dumping data for table `berita`
--

LOCK TABLES `berita` WRITE;
/*!40000 ALTER TABLE `berita` DISABLE KEYS */;
INSERT INTO `berita` VALUES (1,'2020-11-07',2,'Kelas Al Hikam Virtuale','<p>Ponpes DT menggelar program \"Kelas Al Hikam Virtual\". Program ini merupakan program pesantren jarak jauh. Berlaku untuk peserta yang terdaftar dalam program DTPLB ( Daarut Tauhid Pesantren Lintas Batas ). Segera daftarkan diri sebagai satri jarak jauh dan ikuti kelas virutalnya. Oke!</p>','DTPLB, Al Hikam, Kelas Virtual'),(2,'2020-11-08',2,'Virtual Setoran','<p>Ponpes membuka program setoran hafalan melalui video converence. Terbuka untuk umum. Silakan daftarkan pada link berikut ...</p>','setoran, umum, virtual, hafalan');
/*!40000 ALTER TABLE `berita` ENABLE KEYS */;
UNLOCK TABLES;

--
-- Table structure for table `kamus`
--

DROP TABLE IF EXISTS `kamus`;
/*!40101 SET @saved_cs_client     = @@character_set_client */;
/*!40101 SET character_set_client = utf8 */;
CREATE TABLE `kamus` (
  `idx` int(5) unsigned NOT NULL AUTO_INCREMENT,
  `klp` varchar(10) DEFAULT NULL,
  `kode` varchar(20) DEFAULT NULL,
  `arti` text DEFAULT NULL,
  PRIMARY KEY (`idx`)
) ENGINE=InnoDB AUTO_INCREMENT=47 DEFAULT CHARSET=utf8mb4;
/*!40101 SET character_set_client = @saved_cs_client */;

--
-- Dumping data for table `kamus`
--

LOCK TABLES `kamus` WRITE;
/*!40000 ALTER TABLE `kamus` DISABLE KEYS */;
INSERT INTO `kamus` VALUES (1,'mpsmp','abp','Pend. Agama dan Budi Pekerti'),(2,'mpsmp','pkn','Pend. Kewarganegaraan'),(3,'mpsmp','ind','Bahasa Indonesia'),(4,'mpsmp','mtk','Matematika'),(5,'mpsmp','ipa','Ilmu Peng. Alam'),(6,'mpsmp','ips','Ilmu Peng. Sosial'),(7,'mpsmp','ing','Bahasa Inggris'),(8,'mpsmp','sbk','Seni Budaya'),(9,'mpsmp','pjk','Pendidikan Jasmani, Olah Raga dan Kesehatan'),(10,'mpsmp','aqh','Alquran dan Hadits'),(11,'mpsmp','aqa','Aqidah dan Akhlak'),(12,'mpsmp','fqh','Fiqih'),(13,'mpsmp','arb','Bahasa Arab'),(14,'mpmaa','a_aqhd','AlQuran dan Hadits'),(15,'mpmaa','a_aqkh','Aqidah dan Akhlaq'),(16,'mpmaa','a_fiqh','Fiqh'),(17,'mpmaa','a_skbi','Sejarah Kebudayaan Islam'),(18,'mpmaa','a_ppkn','Pendidikan Pancasila dan Kewarganegaraan'),(19,'mpmaa','a_bind','Bahasa Indonesia'),(20,'mpmaa','a_barb','Bahasa Arab'),(21,'mpmaa','a_mttk','Matematika'),(22,'mpmaa','a_sjid','Sejarah Indonesia'),(23,'mpmaa','a_bing','Bahasa Inggris'),(24,'mpmaa','b_sbdy','Seni Budaya'),(25,'mpmaa','b_pjok','Pend. Jasmani Olahraga dan Kesehatan'),(26,'mpmaa','b_pkwu','Prakarya dan Kewirausahaan'),(27,'mpmaa','ca_mtk','Matematika'),(28,'mpmaa','ca_bio','Biologi'),(29,'mpmaa','ca_fsk','Fisika'),(30,'mpmaa','ca_kim','Kimia'),(31,'mpmaa','cs_geo','Geografi'),(32,'mpmaa','cs_sej','Sejarah'),(33,'mpmaa','cs_sos','Sosiologi'),(34,'mpmaa','cs_eko','Ekonomi'),(35,'mpmaa','cb_sid','Bahasa dan Sastra Indonesia'),(36,'mpmaa','cb_sig','Bahasa dan Sastra Inggris'),(37,'mpmaa','cb_sal','Bahasa dan Sastra Asing Lainnya'),(38,'mpmaa','cb_atp','Antropologi'),(39,'mpmaa','cg_taf','Ilmu Tafsir'),(40,'mpmaa','cg_hds','Ilmu Hadits'),(41,'mpmaa','cg_fqh','Ilmu Fiqh'),(42,'mpmaa','cg_klm','Ilmu Kalam'),(43,'mpmaa','cg_akh','Akhlaq'),(44,'mpmaa','cg_arb','Bahasa Arab'),(45,'mpsmp','mlk','Muatan Lokal'),(46,'mpsmp','ski','Sejarah Kebudayaan Islam');
/*!40000 ALTER TABLE `kamus` ENABLE KEYS */;
UNLOCK TABLES;

--
-- Table structure for table `nilaiMan`
--

DROP TABLE IF EXISTS `nilaiMan`;
/*!40101 SET @saved_cs_client     = @@character_set_client */;
/*!40101 SET character_set_client = utf8 */;
CREATE TABLE `nilaiMan` (
  `kodeNilai` varchar(14) NOT NULL,
  `a_aqhd` varchar(7) DEFAULT '000/000',
  `a_aqkh` varchar(7) DEFAULT '000/000',
  `a_fiqh` varchar(7) DEFAULT '000/000',
  `a_skbi` varchar(7) DEFAULT '000/000',
  `a_ppkn` varchar(7) DEFAULT '000/000',
  `a_bind` varchar(7) DEFAULT '000/000',
  `a_barb` varchar(7) DEFAULT '000/000',
  `a_mttk` varchar(7) DEFAULT '000/000',
  `a_sjid` varchar(7) DEFAULT '000/000',
  `a_bing` varchar(7) DEFAULT '000/000',
  `b_sbdy` varchar(7) DEFAULT '000/000',
  `b_pjok` varchar(7) DEFAULT '000/000',
  `b_pkwu` varchar(7) DEFAULT '000/000',
  `ca_bio` varchar(7) DEFAULT '000/000',
  `ca_mtk` varchar(7) DEFAULT '000/000',
  `ca_fsk` varchar(7) DEFAULT '000/000',
  `ca_kim` varchar(7) DEFAULT '000/000',
  `cs_geo` varchar(7) DEFAULT '000/000',
  `cs_sej` varchar(7) DEFAULT '000/000',
  `cs_sos` varchar(7) DEFAULT '000/000',
  `cs_eko` varchar(7) DEFAULT '000/000',
  `cb_sid` varchar(7) DEFAULT '000/000',
  `cb_sig` varchar(7) DEFAULT '000/000',
  `cb_sal` varchar(7) DEFAULT '000/000',
  `cb_atp` varchar(7) DEFAULT '000/000',
  `cg_taf` varchar(7) DEFAULT '000/000',
  `cg_hds` varchar(7) DEFAULT '000/000',
  `cg_fqh` varchar(7) DEFAULT '000/000',
  `cg_klm` varchar(7) DEFAULT '000/000',
  `cg_akh` varchar(7) DEFAULT '000/000',
  `cg_arb` varchar(7) DEFAULT '000/000',
  PRIMARY KEY (`kodeNilai`)
) ENGINE=InnoDB DEFAULT CHARSET=utf8mb4;
/*!40101 SET character_set_client = @saved_cs_client */;

--
-- Dumping data for table `nilaiMan`
--

LOCK TABLES `nilaiMan` WRITE;
/*!40000 ALTER TABLE `nilaiMan` DISABLE KEYS */;
INSERT INTO `nilaiMan` VALUES ('0017831301_1','83/96','82/85','85/89','84/86','81/86','81/87','80/84','78/81','81/84','78/83','77/83','80/84','88/87','76/83','79/81','78/77','78/77','000/000','000/000','000/000','000/000','000/000','000/000','000/000','000/000','000/000','000/000','000/000','000/000','000/000','000/000'),('0017831301_2','78/83','81/84','78/77','85/89','83/96','80/84','85/89','78/77','78/77','76/83','81/84','79/81','81/87','81/84','85/89','83/96','77/83','000/000','000/000','000/000','000/000','000/000','000/000','000/000','000/000','000/000','000/000','000/000','000/000','000/000','000/000'),('0017831301_3','81/84','78/77','78/83','88/87','78/81','85/89','78/77','79/81','78/77','80/84','81/86','81/84','81/87','78/83','78/83','80/84','80/84','000/000','000/000','000/000','000/000','000/000','000/000','000/000','000/000','000/000','000/000','000/000','000/000','000/000','000/000'),('0017831301_4','84/86','82/85','76/83','81/86','83/96','82/85','78/83','77/83','85/89','84/86','78/81','78/83','77/83','77/83','76/83','88/87','80/84','000/000','000/000','000/000','000/000','000/000','000/000','000/000','000/000','000/000','000/000','000/000','000/000','000/000','000/000'),('0023754249_1','81/86','83/85','85/89','84/86','84/87','85/88','87/87','83/86','85/85','78/82','81/88','83/82','88/87','83/90','84/88','82/80','80/80','000/000','000/000','000/000','000/000','000/000','000/000','000/000','000/000','000/000','000/000','000/000','000/000','000/000','000/000'),('0023754249_2','81/88','80/80','88/87','85/88','84/87','84/88','85/88','88/87','81/88','83/86','82/80','81/88','87/87','85/89','84/86','87/87','83/85','000/000','000/000','000/000','000/000','000/000','000/000','000/000','000/000','000/000','000/000','000/000','000/000','000/000','000/000'),('0023754249_3','85/85','85/89','85/88','84/87','82/80','85/85','88/87','83/85','81/86','85/88','83/85','85/88','85/88','87/87','88/87','81/88','87/87','000/000','000/000','000/000','000/000','000/000','000/000','000/000','000/000','000/000','000/000','000/000','000/000','000/000','000/000'),('0023754249_4','83/90','84/88','84/88','84/86','85/85','85/88','81/86','81/86','84/87','83/82','81/86','83/86','84/87','88/87','80/80','83/86','83/82','000/000','000/000','000/000','000/000','000/000','000/000','000/000','000/000','000/000','000/000','000/000','000/000','000/000','000/000'),('0024915826_1','81/96','86/85','90/89','89/90','84/86','82/88','84/84','82/84','83/84','78/83','83/85','83/82','88/87','78/84','82/84','77/76','82/83','000/000','000/000','000/000','000/000','000/000','000/000','000/000','000/000','000/000','000/000','000/000','000/000','000/000','000/000'),('0024915826_2','77/76','82/83','83/85','81/96','83/84','84/86','77/76','83/82','77/76','88/87','83/82','90/89','83/82','82/83','90/89','82/84','88/87','000/000','000/000','000/000','000/000','000/000','000/000','000/000','000/000','000/000','000/000','000/000','000/000','000/000','000/000'),('0024915826_3','83/85','83/84','82/88','82/84','77/76','83/82','84/86','82/84','84/84','82/84','78/83','84/86','82/84','84/86','84/84','83/85','82/83','000/000','000/000','000/000','000/000','000/000','000/000','000/000','000/000','000/000','000/000','000/000','000/000','000/000','000/000'),('0024915826_4','86/85','82/88','78/83','90/89','84/86','82/88','84/86','82/88','83/85','82/84','81/96','84/84','84/84','83/85','88/87','82/84','88/87','000/000','000/000','000/000','000/000','000/000','000/000','000/000','000/000','000/000','000/000','000/000','000/000','000/000','000/000'),('0025147607_1','81/81','82/85','87/89','84/88','81/86','82/90','80/84','78/80','81/84','79/81','81/88','80/82','85/87','77/89','77/79','78/77','78/78','000/000','000/000','000/000','000/000','000/000','000/000','000/000','000/000','000/000','000/000','000/000','000/000','000/000','000/000'),('0025147607_2','82/90','80/82','77/89','78/77','78/78','84/88','80/84','77/89','78/77','78/80','81/88','81/81','81/86','82/90','80/84','87/89','87/89','000/000','000/000','000/000','000/000','000/000','000/000','000/000','000/000','000/000','000/000','000/000','000/000','000/000','000/000'),('0025147607_3','80/84','78/77','78/80','82/90','80/82','77/89','81/88','78/77','77/79','82/90','78/80','84/88','77/79','78/78','85/87','80/84','81/84','000/000','000/000','000/000','000/000','000/000','000/000','000/000','000/000','000/000','000/000','000/000','000/000','000/000','000/000'),('0025147607_4','82/85','80/84','85/87','77/79','80/84','81/84','81/84','80/84','77/79','84/88','78/77','87/89','79/81','77/89','80/84','82/85','80/82','000/000','000/000','000/000','000/000','000/000','000/000','000/000','000/000','000/000','000/000','000/000','000/000','000/000','000/000'),('0025203802_1','81/96','86/85','90/89','89/90','85/86','85/90','81/86','84/86','79/86','82/84','89/89','82/82','88/87','80/87','85/86','80/79','80/79','000/000','000/000','000/000','000/000','000/000','000/000','000/000','000/000','000/000','000/000','000/000','000/000','000/000','000/000'),('0025203802_2','85/86','80/87','89/90','90/89','85/90','86/85','86/85','82/84','80/87','81/86','85/86','89/90','85/90','88/87','89/89','82/84','89/89','000/000','000/000','000/000','000/000','000/000','000/000','000/000','000/000','000/000','000/000','000/000','000/000','000/000','000/000'),('0025203802_3','88/87','85/86','89/89','84/86','79/86','85/90','85/90','81/96','80/79','85/86','85/90','90/89','80/79','84/86','90/89','88/87','85/86','000/000','000/000','000/000','000/000','000/000','000/000','000/000','000/000','000/000','000/000','000/000','000/000','000/000','000/000'),('0025203802_4','81/96','89/89','85/90','81/96','88/87','82/84','79/86','81/96','82/84','82/82','82/82','90/89','89/89','82/84','85/86','81/96','86/85','000/000','000/000','000/000','000/000','000/000','000/000','000/000','000/000','000/000','000/000','000/000','000/000','000/000','000/000'),('0026731027_1','81/86','87/85','88/89','85/88','84/88','83/87','89/91','91/94','84/85','81/85','82/85','83/83','90/87','76/87','93/94','81/80','83/80','000/000','000/000','000/000','000/000','000/000','000/000','000/000','000/000','000/000','000/000','000/000','000/000','000/000','000/000'),('0026731027_2','84/85','90/87','82/85','83/80','83/83','93/94','89/91','90/87','83/80','81/85','82/85','76/87','90/87','81/80','87/85','85/88','88/89','000/000','000/000','000/000','000/000','000/000','000/000','000/000','000/000','000/000','000/000','000/000','000/000','000/000','000/000'),('0026731027_3','87/85','93/94','89/91','91/94','88/89','84/85','84/88','88/89','84/88','85/88','83/87','81/85','84/85','83/83','93/94','93/94','85/88','000/000','000/000','000/000','000/000','000/000','000/000','000/000','000/000','000/000','000/000','000/000','000/000','000/000','000/000'),('0026731027_4','84/85','84/88','91/94','83/87','82/85','88/89','81/80','87/85','89/91','82/85','82/85','85/88','83/80','83/83','82/85','87/85','83/80','000/000','000/000','000/000','000/000','000/000','000/000','000/000','000/000','000/000','000/000','000/000','000/000','000/000','000/000'),('0027592836_1','81/86','83/85','88/89','84/87','83/86','80/87','82/85','80/82','90/86','80/82','82/88','82/84','88/87','84/90','79/80','78/78','78/78','000/000','000/000','000/000','000/000','000/000','000/000','000/000','000/000','000/000','000/000','000/000','000/000','000/000','000/000'),('0027592836_2','88/89','80/82','83/86','84/90','88/89','82/84','88/87','88/87','80/87','90/86','81/86','84/90','82/88','84/90','82/88','84/87','90/86','000/000','000/000','000/000','000/000','000/000','000/000','000/000','000/000','000/000','000/000','000/000','000/000','000/000','000/000'),('0027592836_3','88/89','82/84','78/78','90/86','84/87','84/87','80/87','78/78','78/78','90/86','83/86','82/85','88/87','83/86','79/80','83/86','84/90','000/000','000/000','000/000','000/000','000/000','000/000','000/000','000/000','000/000','000/000','000/000','000/000','000/000','000/000'),('0027592836_4','81/86','78/78','82/84','80/82','80/82','84/90','80/87','80/87','80/82','82/85','82/85','82/88','80/87','78/78','79/80','83/85','80/82','000/000','000/000','000/000','000/000','000/000','000/000','000/000','000/000','000/000','000/000','000/000','000/000','000/000','000/000'),('0027592937_1','81/81','83/85','88/89','84/88','83/86','82/90','82/86','78/80','84/84','81/82','79/89','80/82','88/87','81/85','77/78','78/77','77/76','000/000','000/000','000/000','000/000','000/000','000/000','000/000','000/000','000/000','000/000','000/000','000/000','000/000','000/000'),('0027592937_2','81/81','84/84','82/86','83/85','81/82','81/82','81/85','82/90','81/85','88/87','83/86','83/85','80/82','83/85','77/78','81/82','83/85','000/000','000/000','000/000','000/000','000/000','000/000','000/000','000/000','000/000','000/000','000/000','000/000','000/000','000/000'),('0027592937_3','83/85','78/80','81/81','82/90','81/85','82/86','83/86','88/87','77/76','78/80','79/89','83/85','79/89','77/76','80/82','78/77','84/84','000/000','000/000','000/000','000/000','000/000','000/000','000/000','000/000','000/000','000/000','000/000','000/000','000/000','000/000'),('0027592937_4','83/86','84/88','81/82','88/89','77/76','81/82','81/85','78/80','88/87','79/89','80/82','83/85','84/84','84/88','81/81','81/82','81/82','000/000','000/000','000/000','000/000','000/000','000/000','000/000','000/000','000/000','000/000','000/000','000/000','000/000','000/000'),('0027592967_1','81/91','85/85','87/89','84/86','83/85','82/87','81/85','78/81','85/86','78/82','79/89','82/82','88/87','79/85','78/80','77/76','77/76','000/000','000/000','000/000','000/000','000/000','000/000','000/000','000/000','000/000','000/000','000/000','000/000','000/000','000/000'),('0027592967_2','88/87','82/82','77/76','81/91','77/76','82/87','82/82','83/85','84/86','85/86','82/87','81/85','82/87','84/86','85/85','77/76','84/86','000/000','000/000','000/000','000/000','000/000','000/000','000/000','000/000','000/000','000/000','000/000','000/000','000/000','000/000'),('0027592967_3','81/85','78/81','84/86','81/91','85/86','81/91','84/86','78/80','81/85','81/85','85/85','85/85','88/87','83/85','88/87','84/86','84/86','000/000','000/000','000/000','000/000','000/000','000/000','000/000','000/000','000/000','000/000','000/000','000/000','000/000','000/000'),('0027592967_4','87/89','79/85','78/81','85/86','78/82','84/86','82/87','85/85','81/91','77/76','82/82','84/86','81/85','82/87','83/85','77/76','88/87','000/000','000/000','000/000','000/000','000/000','000/000','000/000','000/000','000/000','000/000','000/000','000/000','000/000','000/000'),('0027593173_1','81/86','83/85','89/89','83/85','83/85','81/88','80/84','76/78','84/85','81/80','83/80','82/82','85/87','76/83','76/77','78/78','77/77','000/000','000/000','000/000','000/000','000/000','000/000','000/000','000/000','000/000','000/000','000/000','000/000','000/000','000/000'),('0027593173_2','89/89','76/77','83/80','89/89','81/86','81/80','76/78','80/84','76/78','83/85','81/88','81/88','81/86','83/85','77/77','83/85','81/80','000/000','000/000','000/000','000/000','000/000','000/000','000/000','000/000','000/000','000/000','000/000','000/000','000/000','000/000'),('0027593173_3','85/87','76/77','81/86','83/85','76/78','82/82','83/80','80/84','85/87','83/85','76/78','82/82','81/86','83/85','83/85','76/78','84/85','000/000','000/000','000/000','000/000','000/000','000/000','000/000','000/000','000/000','000/000','000/000','000/000','000/000','000/000'),('0027593173_4','84/85','82/82','83/85','76/83','82/82','81/88','83/85','83/80','83/80','81/88','81/88','78/78','81/80','76/83','76/83','80/84','84/85','000/000','000/000','000/000','000/000','000/000','000/000','000/000','000/000','000/000','000/000','000/000','000/000','000/000','000/000'),('0029613007_1','86/91','86/85','90/89','91/90','86/85','90/87','92/91','85/87','84/86','83/83','85/88','83/82','90/87','82/87','84/85','79/78','81/80','000/000','000/000','000/000','000/000','000/000','000/000','000/000','000/000','000/000','000/000','000/000','000/000','000/000','000/000'),('0029613007_2','81/80','86/85','83/82','90/87','90/89','90/89','86/85','82/87','90/89','82/87','86/85','82/87','86/91','79/78','84/86','86/91','91/90','000/000','000/000','000/000','000/000','000/000','000/000','000/000','000/000','000/000','000/000','000/000','000/000','000/000','000/000'),('0029613007_3','84/86','90/87','84/85','91/90','83/83','90/87','92/91','92/91','83/82','90/89','86/85','90/87','79/78','84/85','86/85','82/87','86/85','000/000','000/000','000/000','000/000','000/000','000/000','000/000','000/000','000/000','000/000','000/000','000/000','000/000','000/000'),('0029613007_4','85/87','90/89','84/85','90/87','84/86','79/78','84/85','79/78','85/88','86/85','83/83','84/86','85/87','79/78','83/82','90/87','86/85','000/000','000/000','000/000','000/000','000/000','000/000','000/000','000/000','000/000','000/000','000/000','000/000','000/000','000/000'),('0032984756_1','81/91','83/85','90/89','87/90','83/84','81/88','86/88','82/85','83/84','83/84','84/84','82/82','88/87','77/85','81/85','77/77','78/78','000/000','000/000','000/000','000/000','000/000','000/000','000/000','000/000','000/000','000/000','000/000','000/000','000/000','000/000'),('0032984756_2','82/85','87/90','78/78','82/82','81/88','90/89','83/84','81/91','78/78','81/88','77/85','78/78','83/84','88/87','88/87','81/88','83/85','000/000','000/000','000/000','000/000','000/000','000/000','000/000','000/000','000/000','000/000','000/000','000/000','000/000','000/000'),('0032984756_3','90/89','81/91','77/77','77/85','81/88','77/85','83/84','90/89','81/88','90/89','82/82','81/85','81/88','77/85','87/90','77/77','77/77','000/000','000/000','000/000','000/000','000/000','000/000','000/000','000/000','000/000','000/000','000/000','000/000','000/000','000/000'),('0032984756_4','83/84','77/77','83/84','83/84','83/84','90/89','81/91','83/84','81/91','90/89','82/82','81/88','83/85','77/77','81/91','81/88','77/85','000/000','000/000','000/000','000/000','000/000','000/000','000/000','000/000','000/000','000/000','000/000','000/000','000/000','000/000'),('0033296134_1','84/96','86/85','90/89','84/86','84/85','84/87','86/87','90/93','86/85','83/82','87/87','83/82','88/87','84/91','90/92','81/82','80/79','000/000','000/000','000/000','000/000','000/000','000/000','000/000','000/000','000/000','000/000','000/000','000/000','000/000','000/000'),('0033296134_2','81/82','84/85','83/82','81/82','87/87','90/89','87/87','84/91','83/82','83/82','90/89','84/96','84/87','84/85','84/91','90/93','87/87','000/000','000/000','000/000','000/000','000/000','000/000','000/000','000/000','000/000','000/000','000/000','000/000','000/000','000/000'),('0033296134_3','80/79','83/82','90/89','90/93','84/91','84/86','84/96','83/82','90/89','84/87','80/79','86/85','90/89','84/87','88/87','90/89','81/82','000/000','000/000','000/000','000/000','000/000','000/000','000/000','000/000','000/000','000/000','000/000','000/000','000/000','000/000'),('0033296134_4','84/85','90/92','84/87','84/96','90/92','86/85','84/87','84/85','80/79','90/93','90/89','90/89','83/82','90/92','80/79','83/82','88/87','000/000','000/000','000/000','000/000','000/000','000/000','000/000','000/000','000/000','000/000','000/000','000/000','000/000','000/000'),('0033830183_1','83/96','86/85','89/89','85/88','84/84','80/90','82/86','85/88','82/84','78/78','79/80','83/82','88/87','76/85','86/88','77/77','77/76','000/000','000/000','000/000','000/000','000/000','000/000','000/000','000/000','000/000','000/000','000/000','000/000','000/000','000/000'),('0033830183_2','88/87','77/77','82/86','76/85','80/90','82/86','76/85','85/88','83/82','85/88','82/84','85/88','86/88','79/80','83/96','88/87','77/77','000/000','000/000','000/000','000/000','000/000','000/000','000/000','000/000','000/000','000/000','000/000','000/000','000/000','000/000'),('0033830183_3','78/78','86/88','76/85','78/78','83/82','83/82','86/85','82/86','76/85','80/90','77/77','79/80','82/84','79/80','86/85','80/90','76/85','000/000','000/000','000/000','000/000','000/000','000/000','000/000','000/000','000/000','000/000','000/000','000/000','000/000','000/000'),('0033830183_4','88/87','85/88','89/89','86/85','80/90','82/84','85/88','77/77','86/85','84/84','76/85','82/84','78/78','79/80','79/80','86/85','89/89','000/000','000/000','000/000','000/000','000/000','000/000','000/000','000/000','000/000','000/000','000/000','000/000','000/000','000/000'),('0034218372_1','81/86','85/85','89/89','86/90','84/86','83/87','91/88','83/85','85/85','78/83','87/88','83/83','88/87','76/90','83/84','79/78','78/77','000/000','000/000','000/000','000/000','000/000','000/000','000/000','000/000','000/000','000/000','000/000','000/000','000/000','000/000'),('0034218372_2','76/90','88/87','83/87','84/86','76/90','91/88','83/83','89/89','83/83','78/77','84/86','78/83','84/86','85/85','76/90','83/84','83/84','000/000','000/000','000/000','000/000','000/000','000/000','000/000','000/000','000/000','000/000','000/000','000/000','000/000','000/000'),('0034218372_3','83/84','89/89','83/87','83/85','85/85','87/88','83/84','78/77','78/77','78/83','84/86','78/77','87/88','85/85','84/86','78/83','83/83','000/000','000/000','000/000','000/000','000/000','000/000','000/000','000/000','000/000','000/000','000/000','000/000','000/000','000/000'),('0034218372_4','78/77','91/88','78/77','85/85','85/85','83/85','85/85','91/88','85/85','85/85','79/78','83/85','84/86','78/77','83/83','91/88','83/87','000/000','000/000','000/000','000/000','000/000','000/000','000/000','000/000','000/000','000/000','000/000','000/000','000/000','000/000'),('0034218696_1','83/96','88/85','90/89','90/90','83/86','84/87','92/91','84/87','83/84','79/83','88/85','82/84','88/87','78/90','82/84','78/78','79/78','000/000','000/000','000/000','000/000','000/000','000/000','000/000','000/000','000/000','000/000','000/000','000/000','000/000','000/000'),('0034218696_2','78/78','84/87','84/87','84/87','88/87','83/96','79/78','83/84','92/91','82/84','82/84','82/84','90/90','88/85','88/87','82/84','84/87','000/000','000/000','000/000','000/000','000/000','000/000','000/000','000/000','000/000','000/000','000/000','000/000','000/000','000/000'),('0034218696_3','92/91','78/90','88/87','83/96','92/91','84/87','78/78','78/90','84/87','78/90','83/84','78/78','84/87','83/86','88/85','92/91','83/86','000/000','000/000','000/000','000/000','000/000','000/000','000/000','000/000','000/000','000/000','000/000','000/000','000/000','000/000'),('0034218696_4','88/85','79/83','79/83','88/85','78/90','88/85','83/96','78/90','83/96','88/85','78/90','78/78','79/83','88/85','78/78','78/78','90/90','000/000','000/000','000/000','000/000','000/000','000/000','000/000','000/000','000/000','000/000','000/000','000/000','000/000','000/000'),('0034218966_1','87/96','86/85','88/89','86/88','84/87','88/87','81/86','85/87','84/85','85/83','90/89','82/82','90/87','81/90','83/85','78/78','85/84','000/000','000/000','000/000','000/000','000/000','000/000','000/000','000/000','000/000','000/000','000/000','000/000','000/000','000/000'),('0034218966_2','82/82','84/85','82/82','90/89','90/87','88/89','86/85','84/85','88/89','85/87','84/85','90/89','83/85','90/89','86/85','87/96','86/88','000/000','000/000','000/000','000/000','000/000','000/000','000/000','000/000','000/000','000/000','000/000','000/000','000/000','000/000'),('0034218966_3','88/89','85/84','88/87','88/87','86/85','86/85','88/87','86/85','90/87','85/84','85/84','87/96','85/84','84/85','81/90','90/89','85/87','000/000','000/000','000/000','000/000','000/000','000/000','000/000','000/000','000/000','000/000','000/000','000/000','000/000','000/000'),('0034218966_4','86/85','78/78','81/86','78/78','88/89','86/88','90/89','87/96','81/90','85/83','85/84','86/85','88/89','85/83','88/89','90/89','88/89','000/000','000/000','000/000','000/000','000/000','000/000','000/000','000/000','000/000','000/000','000/000','000/000','000/000','000/000'),('0034470728_1','85/86','86/85','91/89','88/89','85/86','85/90','94/90','90/92','82/84','82/84','88/88','84/82','90/87','87/90','89/88','84/84','83/81','000/000','000/000','000/000','000/000','000/000','000/000','000/000','000/000','000/000','000/000','000/000','000/000','000/000','000/000'),('0034470728_2','84/82','85/86','88/89','88/88','82/84','88/88','89/88','84/82','90/87','88/89','84/82','94/90','83/81','82/84','91/89','90/87','88/88','000/000','000/000','000/000','000/000','000/000','000/000','000/000','000/000','000/000','000/000','000/000','000/000','000/000','000/000'),('0034470728_3','91/89','90/87','87/90','87/90','90/92','88/89','85/90','85/90','88/89','86/85','82/84','90/92','88/88','89/88','91/89','91/89','89/88','000/000','000/000','000/000','000/000','000/000','000/000','000/000','000/000','000/000','000/000','000/000','000/000','000/000','000/000'),('0034470728_4','87/90','86/85','86/85','86/85','85/86','82/84','91/89','88/89','88/88','82/84','90/92','85/90','83/81','86/85','90/87','88/88','85/86','000/000','000/000','000/000','000/000','000/000','000/000','000/000','000/000','000/000','000/000','000/000','000/000','000/000','000/000'),('0034510649_1','81/86','82/85','84/89','85/88','81/86','80/88','80/84','78/81','79/84','78/83','79/85','80/82','90/87','76/85','77/79','78/77','78/79','000/000','000/000','000/000','000/000','000/000','000/000','000/000','000/000','000/000','000/000','000/000','000/000','000/000','000/000'),('0034510649_2','77/79','77/79','82/85','84/89','80/82','79/84','81/86','80/82','79/85','78/79','77/79','79/85','78/81','90/87','78/83','79/84','78/81','000/000','000/000','000/000','000/000','000/000','000/000','000/000','000/000','000/000','000/000','000/000','000/000','000/000','000/000'),('0034510649_3','80/82','80/82','79/84','80/88','79/84','80/84','78/83','78/81','77/79','80/88','79/85','78/83','79/85','80/88','79/85','81/86','78/81','000/000','000/000','000/000','000/000','000/000','000/000','000/000','000/000','000/000','000/000','000/000','000/000','000/000','000/000'),('0034510649_4','78/79','79/85','80/82','77/79','76/85','85/88','80/84','78/77','79/84','80/82','78/79','79/84','82/85','78/81','80/84','79/84','77/79','000/000','000/000','000/000','000/000','000/000','000/000','000/000','000/000','000/000','000/000','000/000','000/000','000/000','000/000'),('0034536437_1','84/91','86/85','91/89','88/90','85/88','84/88','92/92','83/85','83/85','87/84','86/87','84/84','88/87','77/86','83/84','78/77','82/81','000/000','000/000','000/000','000/000','000/000','000/000','000/000','000/000','000/000','000/000','000/000','000/000','000/000','000/000'),('0034536437_2','84/84','84/91','82/81','78/77','92/92','83/85','87/84','92/92','85/88','86/85','92/92','92/92','82/81','88/87','85/88','77/86','83/84','000/000','000/000','000/000','000/000','000/000','000/000','000/000','000/000','000/000','000/000','000/000','000/000','000/000','000/000'),('0034536437_3','83/85','91/89','92/92','84/88','84/84','82/81','84/88','87/84','85/88','78/77','84/84','83/85','85/88','78/77','84/88','84/91','85/88','000/000','000/000','000/000','000/000','000/000','000/000','000/000','000/000','000/000','000/000','000/000','000/000','000/000','000/000'),('0034536437_4','88/90','83/84','82/81','84/84','88/87','84/84','83/85','86/85','83/85','83/84','82/81','86/85','84/84','87/84','87/84','92/92','82/81','000/000','000/000','000/000','000/000','000/000','000/000','000/000','000/000','000/000','000/000','000/000','000/000','000/000','000/000'),('0034654410_1','82/91','88/85','90/89','86/89','85/89','85/88','92/90','84/85','84/85','82/83','85/85','82/82','90/87','80/87','84/83','80/80','87/84','000/000','000/000','000/000','000/000','000/000','000/000','000/000','000/000','000/000','000/000','000/000','000/000','000/000','000/000'),('0034654410_2','88/85','87/84','82/83','82/91','90/89','82/83','82/83','82/82','84/85','80/87','85/89','86/89','88/85','80/80','84/85','92/90','85/89','000/000','000/000','000/000','000/000','000/000','000/000','000/000','000/000','000/000','000/000','000/000','000/000','000/000','000/000'),('0034654410_3','88/85','90/87','90/89','82/91','88/85','80/80','90/89','84/83','86/89','85/88','85/85','85/85','84/85','90/87','82/82','80/87','80/80','000/000','000/000','000/000','000/000','000/000','000/000','000/000','000/000','000/000','000/000','000/000','000/000','000/000','000/000'),('0034654410_4','82/83','92/90','87/84','92/90','85/88','80/87','87/84','92/90','88/85','88/85','82/91','82/91','85/89','82/83','82/82','84/83','85/88','000/000','000/000','000/000','000/000','000/000','000/000','000/000','000/000','000/000','000/000','000/000','000/000','000/000','000/000'),('0037194935_1','81/86','83/85','88/89','85/89','83/85','81/88','80/84','82/85','82/84','78/80','76/87','82/82','88/87','76/85','82/83','79/77','77/77','000/000','000/000','000/000','000/000','000/000','000/000','000/000','000/000','000/000','000/000','000/000','000/000','000/000','000/000'),('0037194935_2','79/77','85/89','79/77','78/80','82/85','82/82','78/80','82/84','81/88','82/85','78/80','76/87','88/89','88/89','83/85','81/86','81/88','000/000','000/000','000/000','000/000','000/000','000/000','000/000','000/000','000/000','000/000','000/000','000/000','000/000','000/000'),('0037194935_3','88/89','82/85','82/85','80/84','82/84','82/83','81/88','85/89','88/89','81/86','78/80','82/84','88/89','81/86','88/89','76/87','76/87','000/000','000/000','000/000','000/000','000/000','000/000','000/000','000/000','000/000','000/000','000/000','000/000','000/000','000/000'),('0037194935_4','88/89','82/82','82/85','88/89','85/89','82/83','83/85','82/83','79/77','81/86','77/77','85/89','88/87','88/87','88/87','78/80','76/87','000/000','000/000','000/000','000/000','000/000','000/000','000/000','000/000','000/000','000/000','000/000','000/000','000/000','000/000'),('0038258539_1','85/91','87/85','87/89','86/88','85/86','82/87','82/87','83/86','80/85','83/83','89/88','83/82','90/87','81/88','82/85','78/77','80/79','000/000','000/000','000/000','000/000','000/000','000/000','000/000','000/000','000/000','000/000','000/000','000/000','000/000','000/000'),('0038258539_2','81/88','87/85','81/88','80/85','83/83','82/85','87/89','80/79','82/85','78/77','83/83','82/85','82/87','90/87','87/89','83/82','83/86','000/000','000/000','000/000','000/000','000/000','000/000','000/000','000/000','000/000','000/000','000/000','000/000','000/000','000/000'),('0038258539_3','90/87','82/87','83/83','90/87','89/88','85/86','81/88','83/86','82/87','83/86','80/85','80/79','82/85','80/85','86/88','81/88','83/82','000/000','000/000','000/000','000/000','000/000','000/000','000/000','000/000','000/000','000/000','000/000','000/000','000/000','000/000'),('0038258539_4','90/87','83/82','83/83','82/87','81/88','86/88','85/91','82/87','82/87','89/88','83/83','87/89','83/86','80/79','83/82','78/77','87/89','000/000','000/000','000/000','000/000','000/000','000/000','000/000','000/000','000/000','000/000','000/000','000/000','000/000','000/000'),('0038270590_1','87/96','84/85','91/89','90/90','85/88','82/88','92/88','87/88','85/84','84/83','89/89','84/82','90/87','84/88','84/87','81/81','82/81','000/000','000/000','000/000','000/000','000/000','000/000','000/000','000/000','000/000','000/000','000/000','000/000','000/000','000/000'),('0038270590_2','84/88','84/83','89/89','84/83','90/90','81/81','91/89','85/88','91/89','84/88','84/83','90/90','87/96','84/88','82/88','82/88','87/88','000/000','000/000','000/000','000/000','000/000','000/000','000/000','000/000','000/000','000/000','000/000','000/000','000/000','000/000'),('0038270590_3','87/96','84/82','89/89','89/89','90/90','85/84','82/88','87/88','85/84','84/87','85/84','82/81','84/87','90/87','90/87','84/82','84/82','000/000','000/000','000/000','000/000','000/000','000/000','000/000','000/000','000/000','000/000','000/000','000/000','000/000','000/000'),('0038270590_4','85/88','82/88','84/83','87/88','84/87','84/88','84/83','91/89','90/87','84/88','84/82','89/89','81/81','84/85','81/81','91/89','90/90','000/000','000/000','000/000','000/000','000/000','000/000','000/000','000/000','000/000','000/000','000/000','000/000','000/000','000/000'),('0038272314_1','86/96','83/85','89/89','86/88','84/88','86/88','88/89','89/92','86/85','82/83','86/88','83/82','90/87','87/86','85/89','78/78','81/79','000/000','000/000','000/000','000/000','000/000','000/000','000/000','000/000','000/000','000/000','000/000','000/000','000/000','000/000'),('0038272314_2','89/89','86/85','84/88','83/85','89/89','90/87','89/89','86/88','86/88','90/87','89/89','84/88','82/83','86/88','86/96','89/89','87/86','000/000','000/000','000/000','000/000','000/000','000/000','000/000','000/000','000/000','000/000','000/000','000/000','000/000','000/000'),('0038272314_3','90/87','89/92','90/87','89/89','88/89','88/89','86/96','90/87','87/86','86/96','81/79','89/92','86/88','78/78','83/85','86/88','86/85','000/000','000/000','000/000','000/000','000/000','000/000','000/000','000/000','000/000','000/000','000/000','000/000','000/000','000/000'),('0038272314_4','83/82','86/88','85/89','86/85','81/79','88/89','86/85','78/78','83/85','78/78','84/88','78/78','88/89','88/89','88/89','86/88','81/79','000/000','000/000','000/000','000/000','000/000','000/000','000/000','000/000','000/000','000/000','000/000','000/000','000/000','000/000'),('0038278255_1','83/91','86/85','88/89','86/90','83/85','81/90','86/90','85/87','84/84','80/83','83/88','80/82','88/87','82/87','83/87','77/77','81/80','000/000','000/000','000/000','000/000','000/000','000/000','000/000','000/000','000/000','000/000','000/000','000/000','000/000','000/000'),('0038278255_2','77/77','86/90','85/87','83/85','86/90','86/90','86/85','81/90','83/91','81/80','88/89','86/90','88/87','84/84','80/82','81/90','77/77','000/000','000/000','000/000','000/000','000/000','000/000','000/000','000/000','000/000','000/000','000/000','000/000','000/000','000/000'),('0038278255_3','88/89','83/85','86/85','83/91','86/90','83/85','82/87','85/87','83/87','80/83','82/87','80/83','86/90','86/85','80/82','80/82','77/77','000/000','000/000','000/000','000/000','000/000','000/000','000/000','000/000','000/000','000/000','000/000','000/000','000/000','000/000'),('0038278255_4','80/82','83/91','86/90','86/90','86/90','83/87','82/87','83/87','83/85','88/87','85/87','80/83','82/87','77/77','83/85','88/87','88/89','000/000','000/000','000/000','000/000','000/000','000/000','000/000','000/000','000/000','000/000','000/000','000/000','000/000','000/000'),('0038357298_1','84/86','87/85','90/89','86/89','85/87','81/87','82/86','84/88','87/85','82/82','77/88','82/82','88/87','79/87','83/88','78/78','77/77','000/000','000/000','000/000','000/000','000/000','000/000','000/000','000/000','000/000','000/000','000/000','000/000','000/000','000/000'),('0038357298_2','87/85','87/85','87/85','84/88','87/85','79/87','84/86','88/87','81/87','81/87','82/86','77/77','79/87','87/85','88/87','87/85','86/89','000/000','000/000','000/000','000/000','000/000','000/000','000/000','000/000','000/000','000/000','000/000','000/000','000/000','000/000'),('0038357298_3','77/88','78/78','87/85','88/87','87/85','84/88','87/85','81/87','85/87','84/86','82/86','84/88','84/86','88/87','86/89','77/88','77/77','000/000','000/000','000/000','000/000','000/000','000/000','000/000','000/000','000/000','000/000','000/000','000/000','000/000','000/000'),('0038357298_4','84/88','82/82','87/85','79/87','82/82','87/85','87/85','77/77','88/87','87/85','90/89','79/87','82/82','84/86','79/87','83/88','77/88','000/000','000/000','000/000','000/000','000/000','000/000','000/000','000/000','000/000','000/000','000/000','000/000','000/000','000/000'),('0039042105_1','81/91','87/85','89/89','90/90','84/86','81/88','88/90','84/86','86/86','81/83','82/89','80/82','90/87','87/90','82/85','80/79','79/80','000/000','000/000','000/000','000/000','000/000','000/000','000/000','000/000','000/000','000/000','000/000','000/000','000/000','000/000'),('0039042105_2','87/90','84/86','89/89','88/90','89/89','87/85','89/89','81/91','87/85','84/86','90/87','88/90','88/90','90/90','89/89','88/90','84/86','000/000','000/000','000/000','000/000','000/000','000/000','000/000','000/000','000/000','000/000','000/000','000/000','000/000','000/000'),('0039042105_3','80/82','89/89','79/80','80/79','86/86','82/89','87/85','80/82','84/86','82/85','86/86','88/90','84/86','80/82','87/85','87/90','90/90','000/000','000/000','000/000','000/000','000/000','000/000','000/000','000/000','000/000','000/000','000/000','000/000','000/000','000/000'),('0039042105_4','81/91','87/85','87/85','86/86','84/86','81/83','86/86','82/89','79/80','81/91','87/85','90/87','90/90','88/90','81/83','80/79','80/79','000/000','000/000','000/000','000/000','000/000','000/000','000/000','000/000','000/000','000/000','000/000','000/000','000/000','000/000'),('0039643356_1','83/81','87/85','89/89','86/90','84/86','84/87','84/87','85/88','83/85','83/84','88/89','82/82','88/87','79/87','87/88','78/77','78/78','000/000','000/000','000/000','000/000','000/000','000/000','000/000','000/000','000/000','000/000','000/000','000/000','000/000','000/000'),('0039643356_2','88/89','84/87','84/87','88/89','88/87','86/90','85/88','83/81','79/87','87/88','83/85','83/84','83/81','88/89','83/81','79/87','85/88','000/000','000/000','000/000','000/000','000/000','000/000','000/000','000/000','000/000','000/000','000/000','000/000','000/000','000/000'),('0039643356_3','89/89','83/85','82/82','85/88','83/81','88/89','83/84','85/88','84/86','88/89','87/85','84/87','88/89','79/87','78/78','83/81','87/88','000/000','000/000','000/000','000/000','000/000','000/000','000/000','000/000','000/000','000/000','000/000','000/000','000/000','000/000'),('0039643356_4','87/85','83/81','88/89','78/78','86/90','89/89','84/87','87/88','78/78','83/81','86/90','87/88','79/87','88/87','87/85','85/88','86/90','000/000','000/000','000/000','000/000','000/000','000/000','000/000','000/000','000/000','000/000','000/000','000/000','000/000','000/000'),('0039823599_1','84/96','85/85','85/89','86/87','85/85','82/88','89/88','87/89','83/84','81/83','86/88','84/82','90/87','82/90','86/89','81/81','80/80','000/000','000/000','000/000','000/000','000/000','000/000','000/000','000/000','000/000','000/000','000/000','000/000','000/000','000/000'),('0039823599_2','84/82','82/88','83/84','81/81','85/89','86/87','84/82','81/83','82/88','85/85','85/89','85/89','89/88','84/82','81/81','80/80','86/88','000/000','000/000','000/000','000/000','000/000','000/000','000/000','000/000','000/000','000/000','000/000','000/000','000/000','000/000'),('0039823599_3','87/89','82/88','81/83','81/81','80/80','86/88','81/81','89/88','86/88','81/83','81/83','81/83','80/80','81/81','85/85','82/90','86/88','000/000','000/000','000/000','000/000','000/000','000/000','000/000','000/000','000/000','000/000','000/000','000/000','000/000','000/000'),('0039823599_4','90/87','86/88','87/89','83/84','82/90','81/81','84/82','81/81','86/88','82/88','86/89','82/90','84/96','83/84','85/85','85/85','85/85','000/000','000/000','000/000','000/000','000/000','000/000','000/000','000/000','000/000','000/000','000/000','000/000','000/000','000/000'),('0039931222_1','89/96','85/85','89/89','87/90','84/84','86/90','87/88','86/90','85/84','81/83','83/85','83/82','88/87','82/91','85/88','78/78','84/84','000/000','000/000','000/000','000/000','000/000','000/000','000/000','000/000','000/000','000/000','000/000','000/000','000/000','000/000'),('0039931222_2','86/90','83/85','87/90','78/78','86/90','85/85','82/91','86/90','83/85','84/84','83/82','83/82','86/90','83/82','82/91','89/96','88/87','000/000','000/000','000/000','000/000','000/000','000/000','000/000','000/000','000/000','000/000','000/000','000/000','000/000','000/000'),('0039931222_3','85/84','88/87','78/78','82/91','85/84','83/82','81/83','88/87','82/91','78/78','89/89','87/90','84/84','84/84','86/90','85/85','81/83','000/000','000/000','000/000','000/000','000/000','000/000','000/000','000/000','000/000','000/000','000/000','000/000','000/000','000/000'),('0039931222_4','86/90','83/85','84/84','89/89','88/87','88/87','83/85','89/89','89/89','78/78','87/88','89/96','85/85','86/90','85/85','88/87','87/90','000/000','000/000','000/000','000/000','000/000','000/000','000/000','000/000','000/000','000/000','000/000','000/000','000/000','000/000'),('12340001_1','79/80','75/81','76/78','75/75','75/81','78/78','78/87','72/75','90/78','77/76','78/81','76/78','87/76','76/77','87/78','78/80','80/75','000/000','000/000','000/000','000/000','000/000','000/000','000/000','000/000','000/000','000/000','000/000','000/000','000/000','000/000');
/*!40000 ALTER TABLE `nilaiMan` ENABLE KEYS */;
UNLOCK TABLES;

--
-- Table structure for table `nilaiSMP`
--

DROP TABLE IF EXISTS `nilaiSMP`;
/*!40101 SET @saved_cs_client     = @@character_set_client */;
/*!40101 SET character_set_client = utf8 */;
CREATE TABLE `nilaiSMP` (
  `nis` varchar(12) NOT NULL,
  `abp` float(6,2) DEFAULT 0.00,
  `pkn` float(6,2) DEFAULT 0.00,
  `ind` float(6,2) DEFAULT 0.00,
  `mtk` float(6,2) DEFAULT 0.00,
  `ipa` float(6,2) DEFAULT 0.00,
  `ips` float(6,2) DEFAULT 0.00,
  `ing` float(6,2) DEFAULT 0.00,
  `sbk` float(6,2) DEFAULT 0.00,
  `pjk` float(6,2) DEFAULT 0.00,
  `mlk` float(6,2) DEFAULT 0.00,
  `aqh` float(6,2) DEFAULT 0.00,
  `aqa` float(6,2) DEFAULT 0.00,
  `fqh` float(6,2) DEFAULT 0.00,
  `ski` float(6,2) DEFAULT 0.00,
  `arb` float(6,2) DEFAULT 0.00,
  PRIMARY KEY (`nis`)
) ENGINE=InnoDB DEFAULT CHARSET=utf8mb4;
/*!40101 SET character_set_client = @saved_cs_client */;

--
-- Dumping data for table `nilaiSMP`
--

LOCK TABLES `nilaiSMP` WRITE;
/*!40000 ALTER TABLE `nilaiSMP` DISABLE KEYS */;
INSERT INTO `nilaiSMP` VALUES ('0017831301',0.00,85.00,83.00,96.00,80.00,84.00,81.00,87.00,78.00,83.00,76.00,83.00,0.00,79.00,78.00),('0023754249',0.00,85.00,81.00,86.00,87.00,87.00,85.00,88.00,78.00,82.00,83.00,90.00,0.00,79.00,78.00),('0024915826',0.00,85.00,81.00,96.00,84.00,84.00,82.00,88.00,78.00,83.00,78.00,84.00,0.00,81.00,80.00),('0025147607',0.00,85.00,81.00,81.00,80.00,84.00,82.00,90.00,79.00,81.00,77.00,89.00,0.00,78.00,77.00),('0025203802',0.00,85.00,81.00,96.00,81.00,86.00,85.00,90.00,82.00,84.00,80.00,87.00,0.00,80.00,79.00),('0026731027',0.00,85.00,81.00,86.00,89.00,91.00,83.00,87.00,81.00,85.00,76.00,87.00,77.00,81.00,80.00),('0027592836',0.00,85.00,81.00,86.00,82.00,85.00,80.00,87.00,80.00,82.00,84.00,90.00,0.00,81.00,80.00),('0027592937',0.00,85.00,81.00,81.00,82.00,86.00,82.00,90.00,81.00,82.00,81.00,85.00,0.00,79.00,78.00),('0027592967',0.00,85.00,81.00,91.00,81.00,85.00,82.00,87.00,78.00,82.00,79.00,85.00,0.00,79.00,78.00),('0027593173',0.00,85.00,81.00,86.00,80.00,84.00,81.00,88.00,81.00,80.00,76.00,83.00,0.00,77.00,76.00),('0029613007',0.00,85.00,86.00,91.00,92.00,91.00,90.00,87.00,83.00,83.00,82.00,87.00,0.00,83.00,82.00),('0032984756',0.00,85.00,81.00,91.00,86.00,88.00,81.00,88.00,83.00,84.00,77.00,85.00,0.00,83.00,82.00),('0033296134',0.00,85.00,84.00,96.00,86.00,87.00,84.00,87.00,83.00,82.00,84.00,91.00,0.00,84.00,83.00),('0033830183',0.00,85.00,83.00,96.00,82.00,86.00,80.00,90.00,78.00,78.00,76.00,85.00,0.00,78.00,77.00),('0034218372',0.00,85.00,81.00,86.00,91.00,88.00,83.00,87.00,78.00,83.00,76.00,90.00,0.00,80.00,79.00),('0034218696',0.00,85.00,83.00,96.00,92.00,91.00,84.00,87.00,79.00,83.00,78.00,90.00,0.00,82.00,81.00),('0034218966',0.00,85.00,87.00,96.00,81.00,86.00,88.00,87.00,85.00,83.00,81.00,90.00,0.00,84.00,83.00),('0034470728',0.00,85.00,85.00,86.00,94.00,90.00,85.00,90.00,82.00,84.00,87.00,90.00,0.00,84.00,83.00),('0034510649',0.00,85.00,81.00,86.00,80.00,84.00,80.00,88.00,78.00,83.00,76.00,85.00,0.00,78.00,77.00),('0034536437',0.00,85.00,84.00,91.00,92.00,92.00,84.00,88.00,87.00,84.00,77.00,86.00,0.00,85.00,84.00),('0034654410',0.00,85.00,82.00,91.00,92.00,90.00,85.00,88.00,82.00,83.00,80.00,87.00,0.00,83.00,82.00),('0037194935',0.00,85.00,81.00,86.00,80.00,84.00,81.00,88.00,78.00,80.00,76.00,85.00,0.00,78.00,77.00),('0038258539',0.00,85.00,85.00,91.00,82.00,87.00,82.00,87.00,83.00,83.00,81.00,88.00,0.00,83.00,82.00),('0038270590',0.00,85.00,87.00,96.00,92.00,88.00,82.00,88.00,84.00,83.00,84.00,88.00,0.00,83.00,82.00),('0038272314',0.00,85.00,86.00,96.00,88.00,89.00,86.00,88.00,82.00,83.00,87.00,86.00,0.00,82.00,81.00),('0038278255',0.00,85.00,83.00,91.00,86.00,90.00,81.00,90.00,80.00,83.00,82.00,87.00,0.00,80.00,79.00),('0038357298',0.00,85.00,84.00,86.00,82.00,86.00,81.00,87.00,82.00,82.00,79.00,87.00,0.00,79.00,78.00),('0039042105',0.00,85.00,81.00,91.00,88.00,90.00,81.00,88.00,81.00,83.00,87.00,90.00,0.00,80.00,79.00),('0039643356',0.00,85.00,83.00,81.00,84.00,87.00,84.00,87.00,83.00,84.00,79.00,87.00,0.00,83.00,82.00),('0039823599',0.00,85.00,84.00,96.00,89.00,88.00,82.00,88.00,81.00,83.00,82.00,90.00,0.00,81.00,80.00),('0039931222',0.00,85.00,89.00,96.00,87.00,88.00,86.00,90.00,81.00,83.00,82.00,91.00,0.00,82.00,81.00),('12340001',77.00,77.00,78.00,78.00,77.00,76.00,76.00,78.00,87.00,78.00,87.00,89.00,88.00,76.00,89.00);
/*!40000 ALTER TABLE `nilaiSMP` ENABLE KEYS */;
UNLOCK TABLES;

--
-- Table structure for table `rekomendasi`
--

DROP TABLE IF EXISTS `rekomendasi`;
/*!40101 SET @saved_cs_client     = @@character_set_client */;
/*!40101 SET character_set_client = utf8 */;
CREATE TABLE `rekomendasi` (
  `nis` varchar(12) NOT NULL,
  `orangTua` text DEFAULT NULL,
  `teman` text DEFAULT NULL,
  `saudara` text DEFAULT NULL,
  `kolega` text DEFAULT NULL,
  `gurubk` text DEFAULT NULL,
  PRIMARY KEY (`nis`)
) ENGINE=InnoDB DEFAULT CHARSET=utf8mb4;
/*!40101 SET character_set_client = @saved_cs_client */;

--
-- Dumping data for table `rekomendasi`
--

LOCK TABLES `rekomendasi` WRITE;
/*!40000 ALTER TABLE `rekomendasi` DISABLE KEYS */;
INSERT INTO `rekomendasi` VALUES ('12340001','Ora Setuju, Temenan!','Ora Setuju','Tidak mendukung','Ora Setuju','Tidak mendukung'),('12340002','Ura urus. Dudu urusane nyong!','Ura urus. Dudu urusane nyong!','Ura urus. Dudu urusane nyong!','Ura urus. Dudu urusane nyong!','Ura urus. Dudu urusane nyong!');
/*!40000 ALTER TABLE `rekomendasi` ENABLE KEYS */;
UNLOCK TABLES;

--
-- Table structure for table `siswa`
--

DROP TABLE IF EXISTS `siswa`;
/*!40101 SET @saved_cs_client     = @@character_set_client */;
/*!40101 SET character_set_client = utf8 */;
CREATE TABLE `siswa` (
  `nis` varchar(12) NOT NULL,
  `nama` varchar(40) DEFAULT NULL,
  `jnsKelamin` enum('Laki-laki','Perempuan') DEFAULT 'Laki-laki',
  `tempatLahir` varchar(30) DEFAULT 'Banjarnegara',
  `tanggalLahir` date DEFAULT NULL,
  `jurusan` enum('IPA','IPS','Tata Busana','Agama') DEFAULT 'Agama',
  `rencanaKarir` enum('Kuliah','Kerja','Kursus','Wirausaha','Mondok') DEFAULT 'Kuliah',
  `kepribadian` text DEFAULT NULL,
  `aktifitas` enum('aktif','non aktif') DEFAULT 'aktif',
  PRIMARY KEY (`nis`)
) ENGINE=InnoDB DEFAULT CHARSET=utf8mb4;
/*!40101 SET character_set_client = @saved_cs_client */;

--
-- Dumping data for table `siswa`
--

LOCK TABLES `siswa` WRITE;
/*!40000 ALTER TABLE `siswa` DISABLE KEYS */;
INSERT INTO `siswa` VALUES ('0017831301','Fransiska Dwi Adelia','Perempuan','Banjarnegara','2001-01-01','IPA','Kerja',NULL,'aktif'),('0023754249','Febri Eka Saputri','Perempuan','Banjarnegara','2001-01-01','IPA','Kerja',NULL,'aktif'),('0024915826','Fihinna Khoerotun Hisaan','Perempuan','Banjarnegara','2001-01-01','IPA','Wirausaha',NULL,'aktif'),('0025147607','Fitriah Sukma Ramadani','Perempuan','Banjarnegara','2001-01-01','IPA','Wirausaha',NULL,'aktif'),('0025203802','Prihalin','Perempuan','Banjarnegara','2001-01-01','IPA','Mondok',NULL,'aktif'),('0026731027','Alfalysa Diniya Isyabel','Perempuan','Banjarnegara','2001-01-01','IPA','Wirausaha',NULL,'aktif'),('0027592836','Mila Diya Nurussofi','Perempuan','Banjarnegara','2001-01-01','IPA','Mondok',NULL,'aktif'),('0027592937','Meitika Larasati','Perempuan','Banjarnegara','2001-01-01','IPA','Kuliah',NULL,'aktif'),('0027592967','Yulia Rizkiana','Perempuan','Banjarnegara','2001-01-01','IPA','Wirausaha',NULL,'aktif'),('0027593173','Nevina Cahyaningsih Ramadhan','Perempuan','Banjarnegara','2001-01-01','IPA','Kerja',NULL,'aktif'),('0029613007','Meita Dwi Pangesti','Perempuan','Banjarnegara','2001-01-01','IPA','Wirausaha',NULL,'aktif'),('0032984756','Mubtadiatul Afifah','Perempuan','Banjarnegara','2001-01-01','IPA','Wirausaha',NULL,'aktif'),('0033296134','Deyana Khairunnisa','Perempuan','Banjarnegara','2001-01-01','IPA','Kursus',NULL,'aktif'),('0033830183','Zulfika Nur Afifah','Perempuan','Banjarnegara','2001-01-01','IPA','Mondok',NULL,'aktif'),('0034218372','Ana Qoni Aturrohmah','Perempuan','Banjarnegara','2001-01-01','IPA','Kuliah',NULL,'aktif'),('0034218696','Tiffany Gustiana Iswanti','Perempuan','Banjarnegara','2001-01-01','IPA','Kursus',NULL,'aktif'),('0034218966','Saputri Anjani','Perempuan','Banjarnegara','2001-01-01','IPA','Wirausaha',NULL,'aktif'),('0034470728','Devia Ismirajayani','Perempuan','Banjarnegara','2001-01-01','IPA','Wirausaha',NULL,'aktif'),('0034510649','Helen Risky Pratama','Perempuan','Banjarnegara','2001-01-01','IPA','Mondok',NULL,'aktif'),('0034536437','Qutrun Isma Syahrani','Perempuan','Banjarnegara','2001-01-01','IPA','Kursus',NULL,'aktif'),('0034654410','Ratih Risma Wulandari','Perempuan','Banjarnegara','2001-01-01','IPA','Kuliah',NULL,'aktif'),('0037194935','Yuliana Putri','Perempuan','Banjarnegara','2001-01-01','IPA','Kursus',NULL,'aktif'),('0038258539','Lusiana Ayuningrum','Perempuan','Banjarnegara','2001-01-01','IPA','Mondok',NULL,'aktif'),('0038270590','Devina Anika Listy','Perempuan','Banjarnegara','2001-01-01','IPA','Wirausaha',NULL,'aktif'),('0038272314','Dewi Kusuma Ningtyas','Perempuan','Banjarnegara','2001-01-01','IPA','Kuliah',NULL,'aktif'),('0038278255','Vinda Rahmawati','Perempuan','Banjarnegara','2001-01-01','IPA','Kerja',NULL,'aktif'),('0038357298','Widia Rahma Melina','Perempuan','Banjarnegara','2001-01-01','IPA','Mondok',NULL,'aktif'),('0039042105','Ngafifaturrohmah','Perempuan','Banjarnegara','2001-01-01','IPA','Kuliah',NULL,'aktif'),('0039643356','Dina Nur Fadhilah','Perempuan','Banjarnegara','2001-01-01','IPA','Mondok',NULL,'aktif'),('0039823599','Dinda Oktaviani Puspita Ningrum','Perempuan','Banjarnegara','2001-01-01','IPA','Kuliah',NULL,'aktif'),('0039931222','Dewi Sekar Wahyuningsih','Perempuan','Banjarnegara','2001-01-01','IPA','Kuliah',NULL,'aktif');
/*!40000 ALTER TABLE `siswa` ENABLE KEYS */;
UNLOCK TABLES;

--
-- Table structure for table `stakeHolder`
--

DROP TABLE IF EXISTS `stakeHolder`;
/*!40101 SET @saved_cs_client     = @@character_set_client */;
/*!40101 SET character_set_client = utf8 */;
CREATE TABLE `stakeHolder` (
  `idsh` int(3) unsigned NOT NULL AUTO_INCREMENT,
  `nama` varchar(50) NOT NULL,
  `kategori` enum('Kuliah','Kerja','Kursus','Wirausaha','Mondok') DEFAULT 'Kuliah',
  `contactPerson` varchar(30) DEFAULT NULL,
  `alamat` tinytext DEFAULT NULL,
  `telepon` tinytext DEFAULT NULL,
  `email` tinytext DEFAULT NULL,
  `website` tinytext DEFAULT NULL,
  PRIMARY KEY (`idsh`)
) ENGINE=InnoDB AUTO_INCREMENT=7 DEFAULT CHARSET=utf8mb4;
/*!40101 SET character_set_client = @saved_cs_client */;

--
-- Dumping data for table `stakeHolder`
--

LOCK TABLES `stakeHolder` WRITE;
/*!40000 ALTER TABLE `stakeHolder` DISABLE KEYS */;
INSERT INTO `stakeHolder` VALUES (2,'PONPES Daarut Tauhid','Mondok','Ki. Tulus Pamuji','Geger Kalong, Bandung','022 5567 897','publicaffair@dt.ponpes.id','https://dt.ponpes.id'),(3,'LKP Pikom','Kursus','Fika','Jl. Dipayuda No. 21 Banjarnegara','0286 595174','lkppikombanjarnegara@gmail.com','https://lkppikom.wordpress.com'),(4,'IKA UNSOED BANJARNEGARA','Kuliah','drs. Tumolingso','Jl. Ki Jagapati No. 12,5 Krandegan Banjarnegara','0813 2345 3221','ikasubara@unsoed.ac.id','https://ikasubara.unsoed.ac.id'),(5,'IBB - Inkubator Bisnis Banjarnegara','Wirausaha','Mujiono','Pucang','081677889900','ibb-mudjiono@gmail.com','https://ibb-mudjiono.info'),(6,'Cipta Karya','Kerja','Mahmud, SH','Jl. Almunawaroh NO. 77','0286 5980742','ciptakarya@yahoo.co.id','https://cipta-karya-bara.com');
/*!40000 ALTER TABLE `stakeHolder` ENABLE KEYS */;
UNLOCK TABLES;
/*!40103 SET TIME_ZONE=@OLD_TIME_ZONE */;

/*!40101 SET SQL_MODE=@OLD_SQL_MODE */;
/*!40014 SET FOREIGN_KEY_CHECKS=@OLD_FOREIGN_KEY_CHECKS */;
/*!40014 SET UNIQUE_CHECKS=@OLD_UNIQUE_CHECKS */;
/*!40101 SET CHARACTER_SET_CLIENT=@OLD_CHARACTER_SET_CLIENT */;
/*!40101 SET CHARACTER_SET_RESULTS=@OLD_CHARACTER_SET_RESULTS */;
/*!40101 SET COLLATION_CONNECTION=@OLD_COLLATION_CONNECTION */;
/*!40111 SET SQL_NOTES=@OLD_SQL_NOTES */;

-- Dump completed on 2020-11-14 14:26:26
